,Unnamed: 0,id_,tweet,d2v_avaliation,entropy
241,241,241,wir √ºberholen grad den verband #ffw #hochwasser #r√ºckfahrt,0,0.026768488763444582
439,439,439,das ist u. a. der grund warum ich mich jetzt nicht mit dem hochwasser besch√§ftige... 98 war schlimn genug.,0,0.026768488763444582
942,942,942,seit heute morgen um 6 am #fluthilfe leisten #deichaufbaulifestyle,1,0.2291936224876597
1032,1032,1032,so dann ma ab zu buckau...kann montag sicher nich zur arbeit #hochwasser,1,0.026768488763444582
1116,1116,1116,"es l√§ge an den gr√ºnen, dass es soviel hochwasser gibt"""" zitiert @jtrittin den br√ºderle #me13 :) http://t.co/ngszzqjwgy",0,0.026768488763444582
1318,1318,1318,@dubstepwoop meinst du wegen hochwasser oder weil meine frau einkaufen war?,0,0.026768488763444582
1357,1357,1357,@die_gruenen die sollten lieber beim hochwasserschutz helfen.,0,0.026768488763444582
1454,1454,1454,und was macht @db_bahn? https://t.co/wfg9rucgsv #hochwasser,0,0.026768488763444582
1593,1593,1593,"@aliasnews gefluteter keller, iiih #georgina :( spa√ü beiseite, viel erfolg euch :/ ich machte feierabend *g*",0,0.1051156311549938
1748,1748,1748,sonnenschein am #weserdeich.- #bhv #sunshine #weser @ lohmannsdeich http://t.co/ijlk1ygbmr,0,0.20270143721078626
1998,1998,1998,#lotzen lotzen ein frachtschiff. #weser #bhv @ lohmannsdeich http://t.co/cdgtu8yldk,0,0.12407799133266585
2433,2433,2433,jetzt der @mdr_san live vor der t√ºr mit kristin schwietzer. #magdeburg #hochwasser #zollstra√üe http://t.co/ljagjkuls1,1,0.026768488763444582
2484,2484,2484,merkelw√ºrdige rheine mis√©re in flutland :-(,0,0.1051156311549938
2625,2625,2625,in #lostau am netto sind jetzt ca. 200 leute am sands√§cke f√ºllen - vielen dank #hochwasser #altlostau http://t.co/ktlxqngsyq,1,0.026768488763444582
2627,2627,2627,#stadtrundfahrt in #dresden #hochwasser @ s√§chsische dampfschifffahrt - terrassenufer http://t.co/auqfwkstbk,1,0.026768488763444582
2691,2691,2691,jetzt werden die sands√§cke hier auf dem werder von @ups geliefert. danke! #magdeburg #hochwasser,1,0.026768488763444582
2707,2707,2707,am deich in #lostau werden noch leute mit gummistiefeln ben√∂tigt #hochwasser #altlostau http://t.co/n0feuapa3r,1,0.15084648009611046
2722,2722,2722,aktuelle fotos vom #hochwasser in lostau gibt es hier: http://t.co/bwyw1oibrq news: http://t.co/eusst0ue7y,1,0.026768488763444582
3657,3657,3657,#wittenberge #flood #support #hochwasser @ alte √∂lm√ºhle http://t.co/dd500u0dup,1,0.2028754332880175
3698,3698,3698,strom abgeschaltet ohne vorwarnung. wo blieb die information @ottostadt? #magdeburg #hochwasser #zollstra√üe,1,0.026768488763444582
3987,3987,3987,kurz vor eisennach #ffw #hochwasser #r√ºckfahrt,0,0.026768488763444582
4247,4247,4247,"@netzfeuilleton: #hochwasser in #mainz http://t.co/howotkobia""""",0,0.026768488763444582
4303,4303,4303,mein deich hat noch ca. 25 bis 30 zentimeter.,1,0.12407799133266585
4515,4515,4515,"nennt sich """"deichgraf"""" @ f√§hrhaus tespe http://t.co/i3su2ufazu",0,0.12407799133266585
4735,4735,4735,habe mir heute ein bild vor ort in fischerdorf gemacht. schrecklich #donau #hochwasser,1,0.026768488763444582
4839,4839,4839,zug bleibt vor der elbe stehen. hoffentlich kommen wir noch √ºber die br√ºcke... #hochwasser,1,0.026768488763444582
5045,5045,5045,#hochwasser #dessau schillerparkteich http://t.co/hswd0qoiws,1,0.026768488763444582
5072,5072,5072,igitt klein steph hat getr√§umt u stand grad voll auf der √ºberfluteten wiese u nu bin ich klatsch nass u flipflops im arsch,0,0.1051156311549938
5176,5176,5176,"und da es zuhause viel zu langweilig und warm ist , geht s nun wieder zur√ºck ins hochwasser xd flood control die 2.te",1,0.2028754332880175
5402,5402,5402,#celiogermanydesk volunteers mount flood-prevention effort in wittenberg http://t.co/5gn5kqohox,0,0.1761069445245729
5446,5446,5446,und es wird nicht weniger! hochwasser in magdeburg... http://t.co/modmodiw4j,1,0.026768488763444582
5565,5565,5565,"@loxlae guten abend ... ich habe schon 2 fahrten ... heute ist ja auch """"voll die ruhr"""" (hat nichts mit hochwasser zu tun)",0,0.026768488763444582
5594,5594,5594,#hochwasser #magdeburg #buckau #elbe @ buckau http://t.co/lvk8imcpky,1,0.026768488763444582
5832,5832,5832,#hochwasser2013 #fuckoffhochwasser #so #bek√§mpft #pirna #das #hochwasser #kids #schaukel @ pirna http://t.co/oqmwficqmi,1,0.06491748084643903
6042,6042,6042,"@juscha1970 ich denke, der deich reicht. hoffentlich.",1,0.12407799133266585
6062,6062,6062,"@kallemd richtig dicke! strom weg, kaltes wasser aus dem hahn und vor der t√ºr. aber die leute k√§mpfen noch am sandsackdeich. werder noch da!",1,0.4762918803818117
6102,6102,6102,@benzaaajbmax: ich war heute am deich an der weser und am nachmittag war im speckb√ºtteler park. jetzt kommt rock am ring. :),0,0.12407799133266585
6216,6216,6216,@sabberschnitte da wurde echt viel zerst√∂rt. auch deren haus -dresden- is vom hochwasser futsch! :( ich dr√ºck euch wirkl.die daumen!pa√üauf!,1,0.026768488763444582
6236,6236,6236,gegen das hochwasser k√§mpfen,0,0.026768488763444582
6251,6251,6251,@lanovena9 hey wie geht es dir und deiner familie? seid ihr vom hochwasser betroffen?,0,0.026768488763444582
6690,6690,6690,das leben ist sch√∂n. nach 10 jahren endlich mal wieder den #downwash einer #huey im gesicht gehabt. trotz hochwasser,0,0.026768488763444582
6759,6759,6759,"@janamerkel @juscha1970 standhalten tut der deich, keine panik. der ist nagelneu, zum gl√ºck. es geht hier allein um die h√∂he.",1,0.12407799133266585
6911,6911,6911,#dafuq #hochwasser #magdeburg #watet @ heumarkt http://t.co/fzdwwwsxwq,1,0.026768488763444582
7594,7594,7594,einen neuen sandsackwall errichten http://t.co/iskefetlmz,1,0.3522138890491458
7919,7919,7919,warum rollt die (wenn auch jetzt gute) hilfe in #lostau erst heute an? warum wurde do13-sa13 uhr am deich nur min. gearbeitet? #hochwasser,1,0.15084648009611046
8226,8226,8226,#hochwasser feuerwehr kontrolliert deiche in cracau. #magdeburg http://t.co/tvjmfg4k0l,1,0.15084648009611046
8373,8373,8373,ich bin jetzt wieder am deich #hochwasser #lostau,1,0.15084648009611046
8434,8434,8434,#hochwasser br√ºcke am wasserfall in cracau #magdeburg http://t.co/di9pjprzyi,1,0.026768488763444582
8469,8469,8469,schlimme bilder :( #hochwasser #nachrichten,0,0.026768488763444582
8667,8667,8667,"rekordhochwasser erwartet, asb katastrophenschutz unterwegs zur elbestadt lauenburg http://t.co/exykhhdirc",1,0.026768488763444582
9007,9007,9007,@wally44 habt ihr am montag ne sammelb√ºchse f√ºr die hochwasserkatastrophe. w√ºrde ein scheinchen mehr zum dienst nehmen.,0,0.026768488763444582
9563,9563,9563,the river elbe flooded the town of desden before we arrived. this town and prague were under state of‚Ä¶ http://t.co/ig2xhfwtsx,1,0.1761069445245729
9588,9588,9588,hinterm deich in #magdeburg. #hochwasser @ mdr sachsen-anhalt http://t.co/bzgz7p5ihv,1,0.15084648009611046
9658,9658,9658,i m at wihelmsburger elbdeich http://t.co/foccgfzmwj,0,0.12407799133266585
9660,9660,9660,hundewiese ist ein gro√üer see. hund findet es okay. #dresden #elbufer #hochwasser @ trollgarten http://t.co/sqjwwban1t,1,0.026768488763444582
9688,9688,9688,#celiogermanydesk germany braces as flood waters surge north http://t.co/jovikltgqg,0,0.1761069445245729
9783,9783,9783,"nein!!! """"@mdr_san: #hochwasser: unwetterwarnung f√ºr den landkreis #wittenberg. regenmengen bis 40 liter/qm pro stunde, sturmb√∂en und hagel.""",1,0.026768488763444582
9789,9789,9789,"solche pumpen f√ºr das dr√§ngwasser wie auf dem petrif√∂rder, w√§ren jetzt nicht schlecht f√ºr die zollstra√üe. #magdeburg #hochwasser",1,0.026768488763444582
9873,9873,9873,"keine geb√ºndelten kr√§fte mehr auf dem werder. geisterleer, nur vereinzelte #hochwasser -touristen und dunkle gestallten. #magdeburg",1,0.026768488763444582
9900,9900,9900,werd gleich ma ein video zum hochwasser 2013 hochladen!,0,0.026768488763444582
9943,9943,9943,"hier ist der werder, aber dort ist rothensee. meine gedanken sind jetzt auch da, denn auch da ist #magdeburg und #hochwasser!",0,0.026768488763444582
10047,10047,10047,tolkewitzer stra√üe ab schaufu√üstr. richtung laubegast wieder frei. #infotweet #dresden #hochwasser,1,0.026768488763444582
10921,10921,10921,"on friday 7, #hochwasser was trending topic in munich for 8 hours: http://t.co/oj3lecjg2t",0,0.026768488763444582
11034,11034,11034,hier ist normalerweise mein weg f√ºr die abend-tour #hochwasser #eltville http://t.co/bekr1h2d7k,1,0.026768488763444582
11138,11138,11138,.@ericzim @ottostadt hier wird nix verteidigt! zu mindestens nordabschnitt #zollstra√üe! #magdeburg #hochwasser,1,0.026768488763444582
11160,11160,11160,"gleich noch mim fahrrad von homberg r√ºber fahren :d und schei√üe bauen auf der m√ºhlenweide, weil wegen hochwasser",0,0.026768488763444582
11390,11390,11390,erst werden wir alle hochwasser-experten und nun auch noch f√ºr umspannwerke. :-) #hochwasser #magdeburg,0,0.04706448561750405
11594,11594,11594,"sun, blue skies, singing, strawberries, singing, floods, singing nettle brew. read my blog. http://t.co/pmphc2ohni",0,0.1761069445245729
11774,11774,11774,es scheint wieder bewegung in die #hochwasser -bek√§mpfung auf dem werder zu kommen! #magdeburg,1,0.026768488763444582
11801,11801,11801,"@tmmd schlaf gut! hat dir schon jemand gesagt, dass du nen gro√üartige job in diesem gottverdammten #hochwasser machst? #magdeburg #haltdurch",0,0.026768488763444582
12376,12376,12376,"immerhin, in wittenberg sinkt der pegel. #hochwasser",1,0.026768488763444582
12528,12528,12528,"gerade beschlossen: falls unser gully bedroht ist, stellen wir das alte klavier drauf, das wiegt extrem viel. #hochwasser",0,0.026768488763444582
12971,12971,12971,heftige bilder vom hochwasser. #zdf,0,0.026768488763444582
13187,13187,13187,nachdem ich heute 8 stunden sands√§cke mit meinen kameraden der feuerwehr fitzen gef√ºllt habe bleibt nur noch zu hoffen #elbehochwasser2013,1,0.026768488763444582
13274,13274,13274,letztes update f√ºr heute tag 5: http://t.co/eusst0ue7y #hochwasser #lostau - bilder erst sp√§ter,1,0.026768488763444582
13947,13947,13947,eins zwei polizei (@ kulturdeich veddel w/ @derpat) http://t.co/ysc8huhcy8,0,0.12407799133266585
15050,15050,15050,es-news : http://t.co/whbmnr6om2: die hochwasser-katastrophe in einigen regionen unseres landes sorgt f√ºr eine... http://t.co/cw7vlb9u3r,0,0.026768488763444582
15111,15111,15111,"#gdv: #hochwasser ‚Äì aktuelle meldungen, zahlen und #verbrauchertipps http://t.co/tazllfqzu8",0,0.026768488763444582
15403,15403,15403,@rostockerstern was feuern/feiern die? die flut?!?,0,0.1051156311549938
15718,15718,15718,"na toll, heute 3 d√§mme gebaut, zwei davon gebrochen... #hochwasser #magdeburg",1,0.026768488763444582
15762,15762,15762,nachher versucht klasse 10b der oskar linke sekundarschule noch zu helfen wo es geht #hochwasser #magdeburg,1,0.026768488763444582
15965,15965,15965,erstmal ein bisschen sand schippen. #hochwasser #magdeburg @ haltestelle listemannstra√üe http://t.co/jsr5uqwe7o,1,0.026768488763444582
16030,16030,16030,"leute die nicht der feuerwehr helfen, wenn hochwasser kommt ist so ...",0,0.026768488763444582
16229,16229,16229,after being a packing some sand bags (sacks) for #hochwasserschutz #magdeburg :) http://t.co/urqbwg2ylt,1,0.026768488763444582
16249,16249,16249,after packing some sand bags (sacks) for #hochwasserschutz #magdeburg :) http://t.co/ve6e9vcwmo,1,0.026768488763444582
16973,16973,16973,"@fibre0815 jo, katastrophenhilfe wg hochwasser. erst dresden, bitterfeld, dann magdeburg.",0,0.026768488763444582
16980,16980,16980,"so, seit 24 stunden auf den beinen und in der nacht zuvor auch nur 3 stunden schlaf gehabt. #hochwasser #fluthilfe",1,0.1318841199184384
17296,17296,17296,"bodensee-pegel: 457,7 cm! - http://t.co/60jsqkfacs - hochwasser-infos: http://t.co/pvdkmazfqh",1,0.026768488763444582
17320,17320,17320,mal schauen ob der re2 der odeg am sonntag durchf√§hrt. #hochwasserhilfe kompliziert.nee nu doch nicht.am zoo ist b... http://t.co/ew1sgoz6ve,0,0.026768488763444582
17348,17348,17348,@nickhowardmusic what about a cheering tweet of ye? i helped all the night against the flood+the water in my hometown magdeburg...,1,0.1761069445245729
17399,17399,17399,"funkhaus, deich h√§lt. http://t.co/xokgbagh2c",1,0.12407799133266585
17458,17458,17458,hochwasserhilfe und so... (@ barbie dreamhouse experience) http://t.co/hy4uu9kccv,0,0.026768488763444582
17460,17460,17460,jetzt umsteigen ins auto. anders kommt man bei den fahrpl√§nen nicht zur #hochwasseraktion in der prignitz http://t.co/lhigltihup,1,0.026768488763444582
17637,17637,17637,das hochwasser hat den rekordpegel von 1.800‚Ä¶ von 1843 erreicht. ‚Äì nachrichtensprecherin auf inforadio im katastrophenrausch,1,0.026768488763444582
17677,17677,17677,bin noch was eingenickt. der traum war nicht sch√∂n. #hochwasser #hund #verletzt,0,0.026768488763444582
18445,18445,18445,#celiogermanydesk volunteers mount flood-prevention efforts http://t.co/bjzakksmxg,0,0.1761069445245729
18457,18457,18457,in #lostau werden jetzt die deiche mit flies verst√§rkt - am deich arbeiten jetzt nur nur noch einsatzkr√§fte #hochwaser,1,0.20270143721078626
18477,18477,18477,in #lostau werden aktuell noch 45.000 stands√§cke ben√∂tigt #hochwasser,1,0.026768488763444582
18672,18672,18672,aktuelles foto aus #lostau #hochwasser http://t.co/n5ugbboea7,1,0.026768488763444582
18913,18913,18913,"ich w√ºnsche den #hochwasser betroffenen weiterhin alles gute, und trotz alledem allen einen sch√∂nen #sonntag",0,0.026768488763444582
19092,19092,19092,hochwasserdeichbau in ation. in weisen kommt die elbe auf tuchf√ºhlung. (@ deichbau am mangrovenw√§ldchen) [pic]: http://t.co/1tuvrzj5il,1,0.22946992597423085
19335,19335,19335,"auf geht s, sands√§cke f√ºllen #hochwasser #magdeburg",1,0.026768488763444582
19428,19428,19428,es-news : http://t.co/whbmnr6om2: die hochwasserlage in passau hat sich weiter zugespitzt. am montagmorgen wurde... http://t.co/yk5xkrakzr,1,0.026768488763444582
19452,19452,19452,rt @mdr_san: #hochwasser: deichbruch an der saale bei klein rosenburg. http://t.co/achafdnnvx,1,0.15084648009611046
19497,19497,19497,passing through a bunch of the cities affected by last week s flood :( water levels aren t kidding around.. yikes,0,0.1761069445245729
19568,19568,19568,@_bennyott_ so viel hochwasser ist da eigentlich gar nicht mehr. ^^,1,0.026768488763444582
19659,19659,19659,#elbehochwasser geht allm√§hlig zur√ºck...,1,0.026768488763444582
19827,19827,19827,"ntv, wort des wochenende #sandsackunternehmer #hochwasser",0,0.3789823778125904
19855,19855,19855,"@ku_fan_1990 ah there is one thing i wanna tell you, we have the flood in germany...",0,0.1761069445245729
20696,20696,20696,in der listemannstr. stauen sich die paletten! #magdeburg ich bin stolz auf dich! #hochwasser,1,0.026768488763444582
20840,20840,20840,@nickhowardmusic what about a cheering tweet of ye? i helped all the night against the flood+the water in my hometown magdeburg.,1,0.1761069445245729
21103,21103,21103,pm: schwerpunkt hochwasser was leisten versicherer wirklich http://t.co/vyon52iykp,0,0.026768488763444582
21348,21348,21348,@dnn_online #germanophob ? schnappt diese geistig schwer minderbemittelten #idioten! und werft sie den flutopfern zum fra√ü vor!! #omg,0,0.1051156311549938
21422,21422,21422,"rt @monongahelamd: eilt !!!! """"@rohrwallpirat: wir brauchen kies und sands√§cke in #weisen. sonst s√§uft hier alles ab. please rt! #hochwasser""""",1,0.026768488763444582
21446,21446,21446,rt @radiodresden: #hochwasser #dresden aktuell: die b171 ist bei #schmiedeberg zwischen b170 und hennersdorf ... http://t.co/vw990cyvqb,1,0.026768488763444582
21850,21850,21850,unser aller im friedrich sollte nach #magdeburg kommen. das ist integration! #gemeinsam gegen das #hochwasser.,0,0.026768488763444582
21921,21921,21921,http://t.co/bssch1z0di #einsatz #hochwasser #feuerwehr #elbe,1,0.026768488763444582
22055,22055,22055,@_julianwagner_ ja hatte ich. aber es ist alles √ºberflutet.,0,0.1051156311549938
22057,22057,22057,aktuelles zum elbehochwasser http://t.co/1exkucusjt #hochwasser #elbflut,0,0.15218011677249785
22116,22116,22116,der kleine ort weisen in der prignitz schippt gegen die flut an. kies und sands√§cke sind weiterhin knapp. #hochwasser,1,0.1318841199184384
22117,22117,22117,der kleine ort weisen in der prignitz schippt gegen die flut an. kies und sands√§cke sind weiterhin knapp. #hochwasser,1,0.1318841199184384
22168,22168,22168,"polizeisperren sind aufgehoben, damit auch die #evakuierung von #bitterfeld. #hochwasser",1,0.026768488763444582
22208,22208,22208,aktuelle wasserst√§nde: die elbe steigt weiter rasant http://t.co/qqj3v8a4jj #elbflut #asb,1,0.1051156311549938
22300,22300,22300,aktuelles foto aus #lostau #hochwasser http://t.co/lf7p9yctw9,1,0.026768488763444582
22305,22305,22305,immer noch #hochwasser am starnberger see http://t.co/yswrpysf28,1,0.026768488763444582
22425,22425,22425,@jigsawslena hey #engel (: lieben gru√ü zur√ºck!! kein #hochwasser daf√ºr #sonne pur (: und bei euch ?! http://t.co/mmd1thorsx,0,0.026768488763444582
22443,22443,22443,"rt @freshbit: #pegel #meissen vom 09.06.2013 12:00 uhr: 8,41m #hochwasser #elbe",1,0.026768488763444582
22466,22466,22466,aktuelles video vom @mdr_san zur lade in #lostau und #altlostau #hochwasser http://t.co/wtauwwnxdr,0,0.026768488763444582
22682,22682,22682,erstmal mittagessen (warm!) besten dank an die versorger! #magdeburg #hochwasser,0,0.026768488763444582
22724,22724,22724,@kiraton aber es l√§uft wirklich beeindruckend trotz ausnahmesituation. #magdeburg #hochwasser,0,0.026768488763444582
22903,22903,22903,"bodensee-pegel: 456,7 cm! - http://t.co/60jsqkfacs - hochwasser-infos: http://t.co/pvdkmazfqh",1,0.026768488763444582
22910,22910,22910,nach dem mittag gegen das #jahrtausendhochwasser #k√§mpfen,1,0.026768488763444582
22922,22922,22922,und gegen die #flutopfer k√§mpfen,1,0.1051156311549938
23008,23008,23008,wenn mich jemand erreichen m√∂chte: mobil: +49 151 5240 9831 #lostau #hochwasser,1,0.026768488763444582
23051,23051,23051,danke an @stephanbischoff f√ºrs helfen hier am deich in #lostau #hochwasser,1,0.15084648009611046
23445,23445,23445,"in #lostau werden jetzt spitzhacken, schaufeln und spaten ben√∂tigt - so viele wie m√∂glich (quelle: einsatzleiter) #hochwasser - am deich",1,0.15084648009611046
23551,23551,23551,update 13.45 uhr: http://t.co/v0waih6i3t #hochwasser #lostau,1,0.026768488763444582
23710,23710,23710,#hochwasser infos bitte lesen und teilen! http://t.co/ifecriidqs,0,0.026768488763444582
23818,23818,23818,sicherheitsrelevante informationen zum #hochwasser an #saale und #elbe bitte lesen und teilen! http://t.co/ifecriidqs #polizei weiterleiten!,0,0.026768488763444582
23933,23933,23933,"@cherubimu: #gauck und #merkel die nervigsten + st√∂rendsten zeitgenossen #hochwasser"""" da war noch die gelbe tonne #br√ºderle",0,0.026768488763444582
24111,24111,24111,#magdeburg √∂stlich der elbe wird ger√§umt #hochwasser https://t.co/rryzxu6gvx,1,0.026768488763444582
24150,24150,24150,http://t.co/fyekhkbhi2 - ausschnitt aus dem ameisenhaufen in der listemannstr. #magdeburg #hochwasser #solidarit√§t,1,0.026768488763444582
24220,24220,24220,"hochwasser am rhein... iiiih! jetzt inlineskaten, anachlie√üend grillen, won t miss it!!! @ rheinpark http://t.co/itqvhd8kp1",0,0.026768488763444582
24315,24315,24315,andere k√§mpfen gegen die flut und wir sitzen scherm√ºtzelsee. hier eine historische kanone √§ http://t.co/y1z86hj5gb,0,0.1051156311549938
24497,24497,24497,Ê∞óÁêÉ„Å´„ÅÆ„Çã„Çà‚ô° (at @deichtorhallen) [pic]: http://t.co/ow1xo4qppk,0,0.12407799133266585
24674,24674,24674,"und nun eine busfahrt. die ist fein, weil #hochwasser und zug f√§hrt nicht. (@ lutherstadt wittenberg hbf.) http://t.co/cd8epzt0lv",0,0.026768488763444582
24738,24738,24738,ich sehe schon die n√§chste flut kommen: http://t.co/4ssyfqfjik,0,0.1051156311549938
25044,25044,25044,"hochwasser"""" in berlin: havel uferwanderweg, bei kladow. http://t.co/my5z3ykofz",1,0.026768488763444582
25110,25110,25110,mein stadtteil ist zur evakuierung aufgerufen und hier ist alles ruhig. in meiner strasse geht niemand. #hochwasser #magdeburg,1,0.026768488763444582
25143,25143,25143,das #hochwasser ist fast weg. jetzt sieht man erst die richtigen sch√§den in #zeitz und umgebung,1,0.026768488763444582
25612,25612,25612,pm: lvz: linkspartei: kosten der flutkatastrophe mit einem sonderopfer ... http://t.co/y0kgfhihj3,0,0.1051156311549938
25626,25626,25626,"ich finde es √ºbrigens daneben, dass @db_bahn keine sondertickets f√ºr #hochwasser-helfer zur verf√ºgung stellt.",0,0.026768488763444582
25677,25677,25677,echte freunde in der not: auch us-soldaten helfen beim #hochwasser in #deggendorf! morgen mehr im #zdfmorgenmagazin http://t.co/mlu4xwo0sm,1,0.026768488763444582
25998,25998,25998,pm: mehr als 75.000 feuerwehrleute in der flutabwehr / √ºberlandhilfe m ... http://t.co/vltpjfy1ut,0,0.1051156311549938
26126,26126,26126,"sehr geil, dass schenker, gls, ups, dpd usw ihre transporter f√ºr sands√§cke zur verf√ºgung stellen. danke! #hochwasser",1,0.026768488763444582
26222,26222,26222,#hohnstorf die flut kommt. @ hohnstorf http://t.co/t5ifzmxjnn,1,0.1051156311549938
26254,26254,26254,flood is passing by. #lauf #pegnitz (@ am steg) [pic]: http://t.co/piagef9aio,0,0.1761069445245729
26299,26299,26299,#hohnstorf #elbe #flut #2013 @ hohnstorf http://t.co/umzeh7fx1j,1,0.1051156311549938
26336,26336,26336,deichbruch s√ºdlich von magdeburg. :/,1,0.12407799133266585
26381,26381,26381,schippen gegen die hochflut in weisen. (@ abschleppdienst g√ºhrs) [pic]: http://t.co/svtwevzo1x,1,0.1051156311549938
26638,26638,26638,#hohnstorf #elbe #flut #hochwasser #2013 @ hohnstorf http://t.co/prpwlbg29z,1,0.1318841199184384
26682,26682,26682,#hochwasser shows up at this time as trend in germany http://t.co/kd2p1txq0b,0,0.026768488763444582
26970,26970,26970,update: tag 6 #hochwasser #lostau http://t.co/v0waih6i3t,1,0.026768488763444582
27099,27099,27099,"keine ahnung, bin auf der sandsackf√ºllstation in der listemannstr. #magdeburg #hochwasser",1,0.3789823778125904
27103,27103,27103,"@schotterplaggel wow! ich bin froh, dass das hochwasser endlich wieder sinkt. zeit wirds :)",1,0.026768488763444582
27122,27122,27122,"#dtm: itr to donate ‚Ç¨300,000 (‚Ç¨100,000 each) to eastern german towns #meissen, #pirna and #herzberg affected by severe flooding. #solidarity",0,0.1761069445245729
27154,27154,27154,#hochwasser bedroht #magdeburg - damm gebrochen http://t.co/jkw8snhue4 via @newsrepublic,1,0.026768488763444582
27201,27201,27201,bei #hochwasser f√§hrt die #bahn auch langsamer √ºber die #elbe bei #stendal ..jetzt stehe ich in spandau und warte ...,0,0.026768488763444582
27794,27794,27794,@mzwebde @elbstromer sicherheitsrelevante informationen zum #hochwasser an #saale und #elbe bitte lesen und teilen! http://t.co/ifecriidqs,0,0.026768488763444582
27812,27812,27812,@twitter_de sicherheitsrelevante informationen zum #hochwasser an #saale und #elbe bitte lesen und teilen! http://t.co/ifecriidqs,0,0.026768488763444582
27831,27831,27831,@sachsenanhalt sicherheitsrelevante informationen zum #hochwasser an #saale und #elbe bitte lesen und teilen! http://t.co/ifecriidqs,0,0.026768488763444582
27838,27838,27838,@mz_koethen sicherheitsrelevante informationen zum #hochwasser an #saale und #elbe bitte lesen und teilen! http://t.co/ifecriidqs,0,0.026768488763444582
27869,27869,27869,"rt @freshbit: #pegel #meissen vom 09.06.2013 16:00 uhr: 8,31m #hochwasser #elbe",1,0.026768488763444582
27870,27870,27870,aktuelles bild aus #lostau #hochwasser http://t.co/pjjzmu4ahj,1,0.026768488763444582
27917,27917,27917,@mz_koethen sicherheitsrelevante informationen zum #hochwasser an #saale und #elbe bitte lesen und teilen! http://t.co/mieqerhfrh,0,0.026768488763444582
27923,27923,27923,das wasser erreicht jetzt schon die verpflegungsstation der helfer in #lostau #hochwasser,1,0.026768488763444582
27931,27931,27931,@mdrsputnik sicherheitsrelevante informationen zum #hochwasser an #saale und #elbe bitte lesen und teilen! http://t.co/mieqerhfrh,0,0.026768488763444582
27937,27937,27937,ein gro√ües danke an alle die hunderten helfer die seit tagen (nicht nur) in #lostau im einsatz sind! #hochwasser,0,0.026768488763444582
27944,27944,27944,@schulzstep sicherheitsrelevante informationen zum #hochwasser an #saale und #elbe bitte lesen und teilen! http://t.co/mieqerhfrh,0,0.026768488763444582
27952,27952,27952,@mdr_san sicherheitsrelevante informationen zum #hochwasser an #saale und #elbe bitte lesen und teilen! http://t.co/mieqerhfrh,0,0.026768488763444582
27956,27956,27956,@mz_jessen sicherheitsrelevante informationen zum #hochwasser an #saale und #elbe bitte lesen und teilen! http://t.co/mieqerhfrh,0,0.026768488763444582
27965,27965,27965,@afraskaikuku sicherheitsrelevante informationen zum #hochwasser an #saale und #elbe bitte lesen und teilen! http://t.co/mieqerhfrh,0,0.026768488763444582
27978,27978,27978,@mz_wittenberg sicherheitsrelevante informationen zum #hochwasser an #saale und #elbe bitte lesen und teilen! http://t.co/mieqerhfrh,0,0.026768488763444582
27980,27980,27980,@kiezkino sicherheitsrelevante informationen zum #hochwasser an #saale und #elbe bitte lesen und teilen! http://t.co/mieqerhfrh,0,0.026768488763444582
27989,27989,27989,@halleon_de sicherheitsrelevante informationen zum #hochwasser an #saale und #elbe bitte lesen und teilen! http://t.co/mieqerhfrh,0,0.026768488763444582
27998,27998,27998,@rottenhedgehog sicherheitsrelevante informationen zum #hochwasser an #saale und #elbe bitte lesen und teilen! http://t.co/mieqerhfrh,0,0.026768488763444582
28005,28005,28005,@stadt_halle sicherheitsrelevante informationen zum #hochwasser an #saale und #elbe bitte lesen und teilen! http://t.co/mieqerhfrh,0,0.026768488763444582
28012,28012,28012,#frankfurt praunheim √ºberflutet. steinbach tritt nach verstopfung √ºber die ufer. gro√üeinsatz der #feuerwehr.,1,0.1051156311549938
28037,28037,28037,@ottostadt sicherheitsrelevante informationen zum #hochwasser an #saale und #elbe bitte lesen und teilen! http://t.co/mieqerhfrh,0,0.026768488763444582
28043,28043,28043,ruppiges ende mit kartenflut. endstand 8:0,0,0.1051156311549938
28060,28060,28060,@tmmd sicherheitsrelevante informationen zum #hochwasser an #saale und #elbe bitte lesen und teilen! http://t.co/mieqerhfrh,0,0.026768488763444582
28072,28072,28072,@lvzonline sicherheitsrelevante informationen zum #hochwasser an #saale und #elbe bitte lesen und teilen! http://t.co/mieqerhfrh,0,0.026768488763444582
28078,28078,28078,@suddeutsche sicherheitsrelevante informationen zum #hochwasser an #saale und #elbe bitte lesen und teilen! http://t.co/mieqerhfrh,0,0.026768488763444582
28087,28087,28087,@spiegelonline sicherheitsrelevante informationen zum #hochwasser an #saale und #elbe bitte lesen und teilen! http://t.co/mieqerhfrh,0,0.026768488763444582
28093,28093,28093,@ntvde sicherheitsrelevante informationen zum #hochwasser an #saale und #elbe bitte lesen und teilen! http://t.co/mieqerhfrh,0,0.026768488763444582
28099,28099,28099,@dw_deutsch sicherheitsrelevante informationen zum #hochwasser an #saale und #elbe bitte lesen und teilen! http://t.co/mieqerhfrh,0,0.026768488763444582
28105,28105,28105,@sternde sicherheitsrelevante informationen zum #hochwasser an #saale und #elbe bitte lesen und teilen! http://t.co/mieqerhfrh,0,0.026768488763444582
28106,28106,28106,@magdeburg sicherheitsrelevante informationen zum #hochwasser an #saale und #elbe bitte lesen und teilen! http://t.co/mieqerhfrh,0,0.026768488763444582
28114,28114,28114,@magdeburg_news sicherheitsrelevante informationen zum #hochwasser an #saale und #elbe bitte lesen und teilen! http://t.co/mieqerhfrh,0,0.026768488763444582
28247,28247,28247,#hochwasser #magdeburg turmschanzenstra√üe http://t.co/u6q4m5cxoo,1,0.026768488763444582
28351,28351,28351,video aus der region #danmatz #feuerwehr #hochwasser http://t.co/5etojm36pp,0,0.026768488763444582
28370,28370,28370,neuigkeiten aus #lostau 17 uhr: text http://t.co/v0waih6i3t fotos: http://t.co/exfgu7x0me #hochwasser,1,0.026768488763444582
28549,28549,28549,#hochwasser #magdeburg am umspannwerk knietief http://t.co/j9le8zvaoh,1,0.026768488763444582
28557,28557,28557,rt @allaboutplus: hochwasser: stra√üenbahnverkehr √ºber die anna-ebert-br√ºcke in ... http://t.co/l8a5gnyohk,1,0.026768488763444582
28560,28560,28560,"#hochwasser turmschanzenstra√üe, der deich wird verst√§rkt. #magdeburg http://t.co/al8xetwref",1,0.15084648009611046
28597,28597,28597,"http://t.co/jt5zcmazdy - unglaublich, hier kommt man auch als oldtimerfan auf seine kosten... #magdeburg #hochwasser #transport",1,0.026768488763444582
29001,29001,29001,...entlang der elbe sch√ºttet es weiter: #hochwasser http://t.co/zgr5ccmkuz,1,0.026768488763444582
29325,29325,29325,"hallo moni. waren heute buckow, w√§hrend andere an der hochwasserfront k√§mpfen wurde am scherm√ºtzelsee gefeuert. bl√∂d http://t.co/tjwg4ujxmr",0,0.026768488763444582
29343,29343,29343,wer auch immer dieses brotp√§ckchen gemacht hat- es schmeckt vorz√ºglich! #hochwasser #magdeburg #ostelbien,0,0.026768488763444582
29387,29387,29387,"@pisepampell hallo moni,w√§hrend andere das hochwasser bek√§mpfen, wird am scherm√ºtzelsee gefeiert. komische situation http://t.co/zmk2pv1p0f",0,0.026768488763444582
29494,29494,29494,#fluthelfer! feuerwehr #gl√ºcksburg danke! http://t.co/7xdofrywex,1,0.1051156311549938
29503,29503,29503,"ja, sogar lecker vegetarisch! rt @rugullis: wer auch immer dieses brotp√§ckchen gemacht hat- es schmeckt vorz√ºglich! #hochwasser #magdeburg",0,0.026768488763444582
29589,29589,29589,scheitel √ºber eine l√§nge von 40 kilometer: der l√§ngste jemals in deutschland gemessene hochwasserscheitel http://t.co/fitfuinfgn #hochwasser,0,0.04706448561750405
29788,29788,29788,statt sonntagsspaziergang heute zum deich geradelt.,0,0.12407799133266585
29869,29869,29869,intento de paseito familiar #hochwasser #rhein http://t.co/aut4zxjbtf,1,0.026768488763444582
29949,29949,29949,#fluthelfer #magdeburg http://t.co/vpifh2lu4i,1,0.1051156311549938
29953,29953,29953,pm: neues deutschland: zu bundeswehr im hochwassereinsatz http://t.co/b5naw8a8kx,0,0.026768488763444582
29956,29956,29956,land unter in eppendorf #erz #hochwasser http://t.co/mlhwnkb7sh,1,0.026768488763444582
30086,30086,30086,nehme gerne magdeburger in mein heim auf. #flut #magdeburg,1,0.1051156311549938
30202,30202,30202,unser team! unser deich! #magdeburg #hochwasser http://t.co/qb8rbznagl,1,0.15084648009611046
30530,30530,30530,#hochwasser shows up at this time as trend in munich http://t.co/es4sycgsep,0,0.026768488763444582
30614,30614,30614,"unser deich, halte durch! #hochwasser #magdeburg turmschanzenstra√üe",1,0.15084648009611046
30670,30670,30670,"bei so einer flutkatastrophe zerren die fernsehsender auch jeden mitarbeiter vor die kamera, der ein mikro richtig herum halten kann.",0,0.1051156311549938
30866,30866,30866,"stau, ich raste aus! a2 kurz vor magdeburg bis zur elbe-br√ºcke. #hochwasser",1,0.026768488763444582
31161,31161,31161,wie vielen bundeswehrgegnern hat die bundeswehr eigentlich mittlerweile das leben gerettet ? #hochwasser,0,0.026768488763444582
31169,31169,31169,in #lostau werden aktuell noch leute f√ºr die abwechslung der bereits den ganzen tag arbeitenden helfern gesucht #hochwasser,1,0.026768488763444582
31209,31209,31209,"es ist schon traurig mit dem hochwasser, aber alle brauchen hilfe und dann sendet man hilfe und die leute werden nach hause geschickt fail..",1,0.026768488763444582
31466,31466,31466,als lostauer m√∂chte ich mich bei allen bisherigen helfen bedanken wir brauch jetzt aber noch einige f√ºr die aktuell laufenden deichsicherung,1,0.12407799133266585
31629,31629,31629,#sommer#sonne#dresden#nach der #flut http://t.co/auwemk1ro9,0,0.1051156311549938
31683,31683,31683,"@stephanschfers der kommt sp√§ter, wegen der flutkatastrophe.",0,0.1051156311549938
31724,31724,31724,update: #hochwasser in #lostau http://t.co/v0waih6i3t,1,0.026768488763444582
31731,31731,31731,"@mirellahadd immernoch kritisch, der deich ist es instabil",1,0.12407799133266585
31910,31910,31910,"unser team, unser deich! http://t.co/arkw8ji3gr",1,0.12407799133266585
32080,32080,32080,st√§dtepartnerschaft in schweren zeiten der #flut. hamburger helfertrupp ist zur√ºck aus #dresden. herzlichen dank an alle helfer!!,0,0.1051156311549938
32188,32188,32188,in anbetracht des hochwassers bliebe ich lieber im taunus.,0,0.026768488763444582
32313,32313,32313,"bricht oben ein deich, dann rettet das unten den leuten den hintern. mehr statement f√ºr flussauen bedarf es wohl nicht. #jahrhundertflut",0,0.2291936224876597
32352,32352,32352,update #hochwasser #lostau 20.15 uhr: blog: http://t.co/v0waih6i3t foto:http://t.co/exfgu7x0me,1,0.026768488763444582
32428,32428,32428,"@ishtar_ die flut erreicht norddeutschland, tropenfieberprohylaxe",0,0.1051156311549938
32515,32515,32515,bbc news - german dam breaks near magdeburg as hungary floods recede http://t.co/ynvq5axkgr,1,0.1761069445245729
32581,32581,32581,meine tl: game of thrones und hochwasser,0,0.026768488763444582
32627,32627,32627,#hochwasser #magdeburg http://t.co/ybmfao1pf8,1,0.026768488763444582
33278,33278,33278,20.30 uhr #niegripp schleuse: dammbruch - thw und bundeswehr unterwegs - ort droht √ºberflutet zu werden #hochwasser http://t.co/yzadyubsjk,1,0.1318841199184384
33312,33312,33312,wie war nochmal die #hochwasser hilfe seite f√ºr #burg/ #niegripp?,0,0.026768488763444582
33354,33354,33354,@mdr_san habt ihr infos √ºber #niegripp ? angeblich soll an der schleuse ein deich gebrochen sein,0,0.12407799133266585
33399,33399,33399,die info √ºber #niegrip ist noch nicht validiert - bitte erst noch abwarten was die offiziellen stellen sagen! #hochwasser,1,0.026768488763444582
33427,33427,33427,hochwasseropfer sind eben nicht systemrelevant.,0,0.026768488763444582
33580,33580,33580,soeben bei #mdr pro geradelter wochen kilometer 10 cent gespendet. 300 km fahrrad gefahren. #hochwasser #spende #mitdemradzurarbeit #aok,0,0.026768488763444582
33756,33756,33756,"zomaar kruispunt in maagdenburg. wijk is leeg, brandweer probeert water terug rivier in te pompen. #hochwasser http://t.co/vuxrtomehq",1,0.026768488763444582
33952,33952,33952,"fahren √ºber eine elbbr√ºcke, unter der alles weitr√§umig √ºberflutet ist - hauptsache, alle h√§ngen sie mit kameras am fenster.",0,0.1051156311549938
33978,33978,33978,"direkt dazu: heftig, diese ausma√üe """"live"""" zu sehen. das ist wirklich negativ beeindruckend. #hochwasser",0,0.026768488763444582
34086,34086,34086,wieder einmal #hochwasser in eppendorf erz durch einen gebrochen deich. http://t.co/xnlupzp4no,1,0.15084648009611046
34140,34140,34140,gefahr: a5 basel richtung karlsruhe zwischen dreieck weil am rhein und as efringen-kirchen gefahr durch √ºberschwemmung 09.06.2013 21:27 - 0,0,0.5
34141,34141,34141,gefahr: bei weil am rhein - gefahr durch √ºberschwemmung. -,0,0.5
34161,34161,34161,"junge menschen, die ganz sicher nicht nur an sich denken. #fluthelfer #hochwasser #magdeburg http://t.co/9o6unjajho",1,0.1318841199184384
34200,34200,34200,der regen in berlin ist im vergleich zu hochwasser in den notstandsgebieten ein schei√ü. aber,0,0.026768488763444582
34293,34293,34293,"die sonne geht wieder unter, hunderttausende sands√§cke werden weiter geliefert und an die deiche gebracht #hochwasser http://t.co/phingmvngz",1,0.15084648009611046
34340,34340,34340,"@torbenthiel jau, die werden dann richtung hochwasser (magdeburg?) unterwegs sein.",0,0.026768488763444582
34404,34404,34404,"hochwasser im osten-deutschlands, noch lange nicht besiegt! :/ auch morgen k√∂nnen eltern ihre kinder zuhause lassen.. http://t.co/0dgeeh1zds",0,0.026768488763444582
34629,34629,34629,germany s flooding #gogermany,0,0.1761069445245729
34652,34652,34652,#jauch √ºber die flut,0,0.1051156311549938
34733,34733,34733,dieser #tatort ist zwar schwere kost! jetzt #jauch mit hochwasser!,0,0.026768488763444582
34781,34781,34781,den #soli schnell und unb√ºrokratisch den #hochwasseropfern zukommen lassen!! #flutkatastrophe #hochwasser #wirtschaft #regierung #politik,0,0.15218011677249785
34790,34790,34790,"entschlammen"""" ist f√ºr mich √ºbrigens das wort des jahres #hochwasser #passau",0,0.026768488763444582
35072,35072,35072,#hochwasser #flutopfer heute thema bei #g√ºntherjauch mit #albertschwinghammer aus #fischerdorf #deggendorf @daserste,0,0.1318841199184384
35115,35115,35115,reporter beim hochwasser @ndrmv. (@ stadt boizenburg) http://t.co/eazenc9vew,0,0.026768488763444582
35180,35180,35180,"das #hochwasser ist zu fr√ºh gekommen, bevor der deich an der donau fertig geworden ist! #jauch",0,0.15084648009611046
35344,35344,35344,"ro√üwein will kein hochwasserschutz, dann m√ºssen sie h√§lt immer absaufen, aber sollten dann auch auf solitarit√§t verzichten! #jauch",0,0.026768488763444582
35741,35741,35741,@josephmorgan need your help:/ our house was flooded http://t.co/whesrsgoe7,1,0.1761069445245729
35753,35753,35753,hist√≤riques inundacions el 2002 i sant tornem-hi aquest 2013. a #g√ºntherjauch es pregunten qu√® no ha fet la pol√≠tica x evitar-ho #hochwasser,0,0.026768488763444582
35790,35790,35790,annahmestelle und reparaturwerkstatt f√ºr europaletten #magdeburg #hochwasser @ uni magdeburg g40‚Ä¶ http://t.co/o3gzy6qtpt,1,0.026768488763444582
35921,35921,35921,das ist gr√∂√üer als wacken. und besser riechend auch. #bereitschaftsraum #tessenowstrasse #hochwasser http://t.co/mzimxzg2zb,0,0.026768488763444582
35997,35997,35997,schaue mir das hochwasser am fernseher an. schrecklich. und dann gibt es auch noch pl√ºnderer. unglaublich. #spiegeltv,0,0.026768488763444582
36080,36080,36080,"dass katrin g√∂ring-eckardt bei #jauch eine 6/8- hose tr√§gt, ist ein starkes zeichen daf√ºr, wie nahe den #gr√ºnen das #hochwasser geht.",0,0.026768488763444582
36171,36171,36171,"wozu zahle ich rundfunkgeb√ºhren, wenn eh jede sondersendung tun #hochwasser mit der floskel """"wann wird s sommer"""" endet? #jauch",0,0.026768488763444582
36358,36358,36358,europe is flooding :s,0,0.1761069445245729
36968,36968,36968,es macht mich traurig was da in meiner heimat passiert :/#magdeburg#hochwasser,0,0.026768488763444582
37406,37406,37406,"sands√§cke legen, schwitzen, und jetzt pause und frieren. doof! #hochwasser #elbe",1,0.026768488763444582
37731,37731,37731,mit angepackt :) #hochwasser #magdeburg #2013 #team #teamwork #germany @ strand an der zollstrasse http://t.co/dzeakxqcw4,1,0.026768488763444582
37820,37820,37820,hm. zur flut fahren und eventuell doch nur im b-raum nichts machen oder hier bleiben? bin mir da gerade extrem uneinig.,0,0.1051156311549938
37900,37900,37900,http://t.co/nxfpmctliu bundeswehr auf dem weinbergcampus #hochwasser #halle,1,0.026768488763444582
38056,38056,38056,"nett, gerade jetzt erh√∂ht der baumarkt max bahr preise f√ºr sands√§cke von 0.25‚Ç¨ auf 1.15‚Ç¨ #hochwasser #magdeburg",0,0.026768488763444582
38199,38199,38199,"w√§hrend de maizi√®re heute da war, mussten wir unsere arbeit √ºbrigens einstellen. #magdeburg #hochwasser http://t.co/ifpgb20vx3",1,0.026768488763444582
38630,38630,38630,"7,24 meter an pegel #strombr√ºcke #magdeburg #hochwasser 100145bjun13",1,0.026768488763444582
38638,38638,38638,"mir ist gar nicht bekannt, ob es vor der wende in der #ddr jemals solche #hochwasser #katastrophen gab. kann mich wer aufkl√§ren? #elbe",0,0.026768488763444582
38831,38831,38831,"f√ºr die banken sind mal schnell ein paar millionen locker, bei den hochwasser-opfern ruft gauck die bev√∂lkerung zu spenden auf. oo",0,0.026768488763444582
39057,39057,39057,nach nem #mittelw√§chter ein neuer versuch im kleinsten ruhetag der welt. #hochwasser #rettungswache http://t.co/0yqcsj9s3t,0,0.026768488763444582
39236,39236,39236,"nachtzug cnl 40473 steht ohne lok in hannover. wartet offb auf zugteil aus prag, kann wg hochwasser noch lange dauern.",0,0.026768488763444582
39259,39259,39259,#hochwasser in #schnackenburg so weit das auge reicht. scheitel aber noch nicht vorbeigezogen. #hrareporter http://t.co/cfbmnwt02a,1,0.026768488763444582
39369,39369,39369,mehrere kilometer #hochwasser vor mir in #schnackenburg #hrareporter http://t.co/2iynljo75e,1,0.026768488763444582
39903,39903,39903,"was mich aufregt: menschen, die sich aufregen, weil ihr zug wg. #hochwasser nicht p√ºnktlich f√§hrt.",0,0.026768488763444582
39946,39946,39946,der #ice644 von berlin nach k√∂ln/bonn soll √ºbrigens fahren - aktuell aber zehn minuten versp√§tung. #hochwasser,0,0.026768488763444582
40194,40194,40194,#ice644 von b nach k√∂ln/bonn soll mit 70 min. versp√§tung hannover erreichen. er hat b noch nicht verlassen. #hochwasser,0,0.026768488763444582
40235,40235,40235,@welt von berlin bis hannover plant die bahn aktuell mit 70 minuten versp√§tung. warte zurzeit auf #ice644. #hochwasser,0,0.026768488763444582
40329,40329,40329,das war knapp: kurz vor der #hochwasser liveschalte f√ºrs #zdf @morgenmagazin h√§tten wir uns fast festgefahren... http://t.co/j95tkkcotx,0,0.026768488763444582
40342,40342,40342,"#ice644 von berlin nach k√∂ln/bonn versp√§tet sich """"auf unbestimmte zeit"""". #hochwasser",0,0.026768488763444582
40786,40786,40786,"neuer zug, neues gl√ºck: #ice944 f√§hrt. #hochwasser",0,0.026768488763444582
40796,40796,40796,zum gl√ºck verlasse ich #passau heut √ºber die schiene - gesperrte autobahnen reichen nicht...jetzt erdrutsche/√ºberflutungen auf umleitungen,1,0.1051156311549938
40812,40812,40812,"achso ja, globale erw√§rmung? immer noch ein klarer mythos. #jahrhundertflut #keinsommer #mehrk√ºhlschr√§nkewegwerfen",0,0.1051156311549938
40916,40916,40916,ice-hopping wg. #hochwasser. (@ berlin hauptbahnhof w/ 13 others) http://t.co/uyv6wyoage,0,0.026768488763444582
40971,40971,40971,"so, der #ice644 soll nun doch fahren. also am hauptbahnhof berlin wieder alle raus aus dem #ice944. #hochwasser",0,0.026768488763444582
41174,41174,41174,lesenswert rt @jochenflasbarth: uba-hochwasserexperte j√∂rg rechenberg zum vorsorgenden hochwasserschutz: http://t.co/mfuegeltfa,0,0.04706448561750405
41706,41706,41706,1-3h delay von #ber in den westen :-( #flutkatastrophe,0,0.1051156311549938
41876,41876,41876,die flut und der mob http://t.co/fz053mht5l,0,0.1051156311549938
42057,42057,42057,guten morgen #lostau #hochwasser,0,0.026768488763444582
42121,42121,42121,floods in magdeburg are devastating completely crippling the city... http://t.co/7b62qcapkn,0,0.1761069445245729
42171,42171,42171,blogupdate tag 7 9.15 uhr #hochwasser in #lostau http://t.co/huke7szcs8,1,0.026768488763444582
42223,42223,42223,blogupdate: nacht tag6 http://t.co/v0waih6i3t #hochwasser # lostau,1,0.026768488763444582
42272,42272,42272,aktuelles foto aus #lostau: 08.30 uhr pegel md strombr√ºcke: 719 cm #hochwasser http://t.co/uv3nkmmciw,1,0.026768488763444582
42279,42279,42279,bundeswehr r√ºckt jetzt aus #lostau richtung #fischbeck ab #hochwasser,1,0.026768488763444582
42536,42536,42536,mal sehen wieviele l√§nder uns jetzt helfen. #hochwasser,0,0.026768488763444582
42542,42542,42542,das zki vom @dlr_de hat gestern eine karte der √ºberfluteten fl√§chen rund um #madeburg und lostau gemacht http://t.co/rldhfxzqmp #hochwasser,1,0.1318841199184384
42595,42595,42595,@mdr_san @ottostadt @magdeburg das dlr zki hat eine karte der √ºberfluteten fl√§chen von gestern gemacht https://t.co/xmrjtuxq1n,1,0.1051156311549938
42797,42797,42797,ein riesen dankesch√£‚Äìn an alle die helfer die nicht nur in #lostau geholfen haben! samstag waren mind. 1.200 helfer in lostau #hochwasser,0,0.026768488763444582
42853,42853,42853,auf zur #hipsterflood,0,0.1761069445245729
42865,42865,42865,"@justinpollnik @magdeburg ich kann leider aktuell nur aussagen aus lostau geben, soweit ich weis wurde rothensee geflutet",1,0.1051156311549938
42884,42884,42884,aufr√§umen nach dem hochwasser in halle #halle #hochwasser #flood #saale #germany @ stadtwerke http://t.co/tvw7m4vyrx,0,0.22317143014207694
42908,42908,42908,mal sehen wann ich mit boot zu unseren haus √ºbersetzen kann :-/ #altlostau #hochwasser #lostau,0,0.026768488763444582
43001,43001,43001,volksstimme artikel 1: http://t.co/efoi39f04y und 2: http://t.co/nxvp0rfz1i √ºber #lostau am we #hochwasser,0,0.026768488763444582
43146,43146,43146,endlich zuhause. 15h #hochwasser einsatz. √ºber 15000 sands√§cke bewegt. 750m deich um ca. 40 cm erh√∂ht. http://t.co/ufpnzk3pwu,1,0.15084648009611046
43311,43311,43311,"""@spinosa1967: ich habe gerade geschichte geschrieben - mit einer unterschrift"" ich auch - durch anpacken... #passau #hochwasser",0,0.026768488763444582
43371,43371,43371,@sgt_flower sch√∂nen montag @blumenwiesen @eleonorefranz @ellytkhb @mokomokai @artpaulylydia kein hochwasser,0,0.026768488763444582
43414,43414,43414,br√∂tchen f√ºr hochwasserhelfer kaufen (at @lidl) http://t.co/hz2brcc4hn,0,0.026768488763444582
43432,43432,43432,@dlr_next @dlr_de in der region magdeburg wird die hochwasserhilfe √ºber social network organisiert: https://t.co/cls55zrshc,1,0.026768488763444582
43471,43471,43471,"oh! sandsack-wall auf dem standstreifen der a9 bei dessau, wasser steht direkt dahinter, da fehlt nicht mehr viel :-o #hochwasser",1,0.3789823778125904
43597,43597,43597,blogupdate tag 7 10.30 uhr: #lostau http://t.co/huke7szcs8 #hochwasser fotos: http://t.co/krwylodrfq,1,0.026768488763444582
43658,43658,43658,"danke auch an die djs an der abf√ºllstation, die mit musik die motivation aufrecht erhalten. #magdeburg #hochwasser",0,0.026768488763444582
43792,43792,43792,"neues aus dem zug vom zug: #ice644 soll um 11.30 uhr hannover erreichen, also drei std. sp√§ter als geplant. #hochwasser",0,0.026768488763444582
44025,44025,44025,referent wegen #hochwasser nicht da. au√üer spesen nichts gewesen. #unitweet http://t.co/gc71h8zmoo,0,0.026768488763444582
44170,44170,44170,"da sind wir wieder voll im #einsatz heute, beim #hochwasser in #bleckede mit der 1. #325 #bundeswehr http://t.co/btcyqa1l2k",1,0.026768488763444582
44302,44302,44302,mit dem #ice644 von ost nach west und ums #hochwasser herum. (@ wolfsburg hauptbahnhof) http://t.co/ahkycue1vn,0,0.026768488763444582
44468,44468,44468,i m at hochwasserbeh√§lter der stadtwerke gie√üen [pic]: http://t.co/uegl13zx22,0,0.026768488763444582
44570,44570,44570,"hochwasser in monstab, th√ºringen, deutschland ‚òî‚òÅüá©üá™üèä @ mitten im hochwasser http://t.co/qbcrpt8rcl",1,0.04706448561750405
44703,44703,44703,"@missmarple79 ich weis es nicht, aktuell wird der deich nur noch beobachtet, keine sands√§cke mehr daraufgepackt",1,0.12407799133266585
44732,44732,44732,pm: hochwasser: asb sichert gauck-besuch in mei√üen ab http://t.co/lxupqsrox5,0,0.026768488763444582
44757,44757,44757,in n√ºrnberg wartet mein ice auf mich ... na dann kann ja nix mehr schief gehen #hochwasserkatastrophe,0,0.026768488763444582
45006,45006,45006,aktuelles bild aus #lostau #hochwasser http://t.co/1yzxmdimlb,1,0.026768488763444582
45036,45036,45036,update 12.15 uhr: #hochwasser in #lostau http://t.co/huke7szcs8 fotos: http://t.co/exfgu7x0me #magdeburg,1,0.026768488763444582
45129,45129,45129,meine beitr√§ge der letzten woche und heute zum #hochwasser in #lostau http://t.co/4keevwln4f #altlostau,1,0.026768488763444582
45140,45140,45140,meine beitr√§ge der letzten woche und heute zum #hochwasser in #lostau http://t.co/wbvqtiipqr #altlostau,1,0.026768488763444582
45299,45299,45299,sands√§cke f√ºllen #hochwasser #magdeburg @ bbs ovg am kr√∂kentor http://t.co/kzjihki8r3,1,0.026768488763444582
45320,45320,45320,immer mehr feuerwehr fahrzeuge kommen (wieder) in #lostau an - ich check jetzt mal die lage am deich #hochwasser,1,0.15084648009611046
45596,45596,45596,"in #lostau r√ºckt die bundeswehr jetzt komplett ab. die feuerwehren aus m√∂ckern, trypena, k√∂rbelitz und lostau √ºbernehmen #hochwasser",1,0.026768488763444582
45691,45691,45691,pm: 4.000 euro f√ºr flutopfer! bb radio machte aus partymarathon charit ... http://t.co/yo7528u3xg,0,0.1051156311549938
45921,45921,45921,wir w√ºrden mit unseren #drk helfern gern beim #hochwasser helfen. leider noch keine anforderung bekommen. entspannung angesagt?,1,0.026768488763444582
45983,45983,45983,@katityxx xd hier ist zurzeit das schlimmste #hochwasser der gesamten stadtgeschichte ^^,0,0.026768488763444582
46018,46018,46018,"schmerzen ohne ende, aber das gef√ºhl zu wissen das man geholfen hat macht s ertr√§glich :) #hochwasser #magdeburg",0,0.026768488763444582
46024,46024,46024,ankunft mit vier stunden versp√§tung. #hochwasser (@ bielefeld hauptbahnhof) http://t.co/qtq9ix5mec,0,0.026768488763444582
46317,46317,46317,"@wurfschuh leider wird das hochw auch """"missbraucht"""" um schonmal wahlkampf zu betreiben. merkel tr√§gt einen sandsack . man zeigt einsatzber.",0,0.3522138890491458
46592,46592,46592,"bin an der sandsack station,wenn wo anders leute gebraucht einfach sagen. #klemmdaniel",1,0.3522138890491458
46991,46991,46991,wir brauchen paletten! #hipsterflood,1,0.1761069445245729
47003,47003,47003,wasser √ºber wasser in wittenberge. der ice kehrt hier wieder um. #hochwasser,1,0.026768488763444582
47399,47399,47399,sch√∂ner kommentar zur germanophoben flutbrigade: http://t.co/kiekpwvxjs,0,0.1051156311549938
47582,47582,47582,rt @macblume: #hochwasser #meissen danke fr. b√ºrgermeisterin wir haben viel gelernt aus 2002! und ... http://t.co/1xt1myqboq,0,0.026768488763444582
47636,47636,47636,wie die elbwiesen stinken... #hochwasser #dresden #tolkewitz,0,0.026768488763444582
47664,47664,47664,wir sind im hochwassereinsatz in lauenburg. dieser sandsackwall muss verbessert und erh√∂ht werden: http://t.co/xgkc9wtake,1,0.3789823778125904
47812,47812,47812,pm: nach der flut: die sch√§den m√ºssen behoben werden / aktion deutschl ... http://t.co/ccikiabxmz,0,0.1051156311549938
47849,47849,47849,"aha! es hei√üt nun also nicht mehr """"gaffen"""", sondern """"sich ein bild von der lage machen"""" #hochwasser",0,0.026768488763444582
48275,48275,48275,danke fucking hochwasser!!! üò†üò†,0,0.026768488763444582
48388,48388,48388,ich dachte so: geil 25 grad und hochwasser!,0,0.026768488763444582
48401,48401,48401,aber im hochwasser schwamm aufgeweichte pferdeschei√üe,0,0.026768488763444582
48421,48421,48421,"und jetzt ist das hochwasser weg, das ganze dorf stinkt, die wiesen sind komplett mit einer d√ºnnen schicht aufgeweichter schei√üe √ºberzogen.",0,0.026768488763444582
48608,48608,48608,pm: versicherungsschutz bei hochwasserschaden http://t.co/gzetgym9xa,0,0.026768488763444582
49084,49084,49084,pm: hochwassersch√§den in baden-w√ºrttemberg und th√ºringen http://t.co/6ggo41yys9,0,0.026768488763444582
49101,49101,49101,deichbau mit der 2. fb stormarn (@ wsc lauenburg) http://t.co/4dhvv8qood,1,0.12407799133266585
49591,49591,49591,time to disconnect twitter from facebook. don t want to flood my facebook wall with random twitter ramblings today.see you on the other side,0,0.1761069445245729
49712,49712,49712,"merkel besucht hochwassergebiet, mit anpacken kann die nicht, hat den hellsten anzug an den sie besitzt... #wahlkampf2013",0,0.026768488763444582
49774,49774,49774,"wer nimmt mich mit aufs #deichbrand ? ich kann es nicht mit mir vereinbaren, dass ich auf kein einziges festival dieses jahr fahre :(",0,0.12407799133266585
49833,49833,49833,"oh, da ist ja noch hochwasser.",0,0.026768488763444582
49896,49896,49896,"ich glaube, diese #hochwasser katastrophe hat uns ver√§ndert... ich werde sicher andere priorit√§ten in meinem leben setzen #passau",0,0.026768488763444582
50058,50058,50058,"pm: phoenix-live: aktuelles zur hochwasserlage - dienstag, 11. juni 20 ... http://t.co/plhllidtub",0,0.026768488763444582
50272,50272,50272,ostelbien geht unter -.- #hochwasser,0,0.026768488763444582
50423,50423,50423,#drk helfer aus raum st. wendel angeblich im einsatz geg #hochwasser wei√ü jemand wer? #wnd #einsatz #saarland,1,0.026768488763444582
50429,50429,50429,pm: hochwasserkatastrophe im norden: nachts zus√§tzliche radionachricht ... http://t.co/m854b0bbrq,0,0.026768488763444582
50893,50893,50893,zur√ºck aus #altlostau fazit: bei uns stand das #hochwasser 85cm im keller - andere anwohner hast viel st√§rker getroffen (wohnung geflutet),1,0.1318841199184384
50898,50898,50898,geniesse den rheinblick in #d√ºsseldorf volmerswerth :-) (@ volmerswerther deich) [pic]: http://t.co/wm1jlco3xd,0,0.12407799133266585
50995,50995,50995,einen tag den fluten in #weisen trotzen zusammen mit @heliantje @diablescat @ennolenze war ich am deich #hochwasser http://t.co/qj1lumntny,1,0.25596211125110424
51227,51227,51227,die bilder der elbflut schockieren mich noch immer. hut ab vor allen die dort sind und das durchstehen. ob betroffene oder helfer. respekt!,0,0.1051156311549938
51281,51281,51281,update 17.00 uhr #hochwasser in #lostau http://t.co/huke7szcs8 #altlostau,1,0.026768488763444582
51492,51492,51492,#hochwasser shows up at this time as trend in munich http://t.co/cwm2cklw9p,0,0.026768488763444582
51712,51712,51712,"9,36 meter: helfer m√ºssen elbstra√üe aufgeben http://t.co/qicdlhfyf6 #hochwasser #asb",1,0.026768488763444582
52098,52098,52098,"i am surprised that there isn t a youtube video yet showing the flooding in germany in slow motion with celine dion s """"my heart will go on"""".",0,0.1761069445245729
52525,52525,52525,hochwasser im #spreewald http://t.co/kofax8p2ry,1,0.026768488763444582
52874,52874,52874,#hohnstorf #hochwasser #flut #elbe @ hohnstorf http://t.co/olotaoz52v,1,0.1318841199184384
53014,53014,53014,haus am see... √§hh hochwasser :-( @ h talstra√üe http://t.co/ewbgoyqx7v,0,0.026768488763444582
53047,53047,53047,irgendwann will ich mal lesen: regierungschef_in x hat den flut/sturm/whatever-opfern b√ºrokratische hilfe zugesagt. einmal nur die wahrheit!,0,0.1051156311549938
53359,53359,53359,der hochwasser pegel in mei√üen sinkt gott sie dank langsam wieder http://t.co/fpdj6gsy44,1,0.026768488763444582
53362,53362,53362,#pegel #hochwasser http://t.co/wyy1vfe2xy,1,0.026768488763444582
53398,53398,53398,#hochwasser #magdeburg @ die sch√∂nsten elbstufen der welt http://t.co/7p5xhm6mvs,1,0.026768488763444582
53967,53967,53967,germany is half flooded #naturaldisaster,0,0.1761069445245729
54110,54110,54110,kann das drama wegen des hochwassers nicht mehr h√∂ren.,0,0.026768488763444582
54759,54759,54759,"@_fschueller_ vermutlich die gleichen spinner, die deichsabotage f√ºr ein ganz tolles antikapitalistisches zeichen halten. #merkbefreiung",0,0.12407799133266585
54830,54830,54830,@103amf we get used to it slowly... we have terrible floods over here in germany and austria...,0,0.1761069445245729
54849,54849,54849,den @ardde #brennpunkt zum #hochwasser gucken @daserste,0,0.026768488763444582
55042,55042,55042,k√§mpfen f√ºr die elbd√∂rfer!#hochwasser http://t.co/tykjcd3nhl,1,0.026768488763444582
55272,55272,55272,wurde vom hochwasser-chaos der bahn hierher gesp√ºlt. hamm (westfalen): garnicht mal so sch√∂n hier. [pic]: http://t.co/f94vbhq5ly,0,0.026768488763444582
55417,55417,55417,#hochwasser #highwater #weather #rainyweather #rainydayz #rain #clouds #instagood #instagreat‚Ä¶ http://t.co/2o7ggrfvt7,0,0.026768488763444582
55470,55470,55470,just call me sandsau #cleanup #flood @ kunstverein talstrasse http://t.co/r9m6kxkwhi,0,0.1761069445245729
55640,55640,55640,ist doch auch mal sch√∂n ... hoffe es bleibt so ... #hochwasser #magdeburg http://t.co/ne9v8qexkr,1,0.026768488763444582
56989,56989,56989,dieser gestank vom hochwasser macht mich so aggresiv.,0,0.026768488763444582
57218,57218,57218,heute: damm sichern #hochwasser #thw http://t.co/1rjxx1p1tm,1,0.026768488763444582
57575,57575,57575,hochwasser (@ deutsches eck) http://t.co/y5a6kvnpbh,0,0.026768488763444582
57820,57820,57820,tag 2 in #l√ºchow #dannenberg: unsere kameraden k√§mpfen noch immer unerm√ºdlich gegen die #flut - der #l√∂schzug sagt: #danke jungs!!!,1,0.1051156311549938
59036,59036,59036,samstag noch in #dresden #hochwasser und heute schon wieder auf #arbeit in #frankfurt #uniklinik,0,0.026768488763444582
59401,59401,59401,@josephmorgan need your help:/ our house was flooded http://t.co/0qrwxofdhi,1,0.1761069445245729
60229,60229,60229,in china ist ein sandsack umgefallen.,0,0.3522138890491458
